{
    "model": "lasso",
    "varValues": 0,
    "lifThresh": 0.2,
    "varType": "thresh",
    "innerCVvals": [
        5,
        5
    ],
    "C": [
        0.01,
        0.01373823795883263,
        0.018873918221350976,
        0.02592943797404667,
        0.035622478902624426,
        0.04893900918477494,
        0.06723357536499334,
        0.09236708571873861,
        0.12689610031679222,
        0.17433288221999882,
        0.2395026619987486,
        0.32903445623126676,
        0.4520353656360243,
        0.6210169418915616,
        0.8531678524172805,
        1.1721022975334805,
        1.6102620275609392,
        2.212216291070448,
        3.039195382313198,
        4.175318936560401,
        5.736152510448681,
        7.880462815669913,
        10.82636733874054,
        14.873521072935118,
        20.433597178569418,
        28.072162039411758,
        38.56620421163472,
        52.98316906283707,
        72.78953843983146,
        100.0
    ],
    "varNames": [
        "C"
    ]
}